{"cameraMode":{"drawMode":2,"name":"Shaded Wireframe","section":"Shading Mode"},"sceneLighting":false,"audioPlay":false,"sceneViewState":{"showFog":false,"showMaterialUpdate":false,"showSkybox":false,"showFlares":false,"showImageEffects":false,"showParticleSystems":false},"in2DMode":false,"pivot":{"x":9.528343200683594,"y":3.089094400405884,"z":-8.302505493164063},"rotation":{"x":0.17537817358970643,"y":0.21946598589420319,"z":-0.04013950750231743,"w":0.9588888883590698},"size":12.557060241699219,"orthographic":true}