{"cameraMode":{"drawMode":2,"name":"Shaded Wireframe","section":"Shading Mode"},"sceneLighting":false,"audioPlay":false,"sceneViewState":{"showFog":false,"showMaterialUpdate":false,"showSkybox":false,"showFlares":false,"showImageEffects":false,"showParticleSystems":false},"in2DMode":false,"pivot":{"x":0.22570616006851197,"y":0.43281710147857668,"z":7.361297607421875},"rotation":{"x":0.1079217791557312,"y":-0.27365368604660036,"z":0.030916575342416765,"w":0.9552544355392456},"size":38.12770462036133,"orthographic":true}