{"cameraMode":{"drawMode":2,"name":"Shaded Wireframe","section":"Shading Mode"},"sceneLighting":false,"audioPlay":false,"sceneViewState":{"showFog":false,"showMaterialUpdate":false,"showSkybox":false,"showFlares":false,"showImageEffects":false,"showParticleSystems":false},"in2DMode":false,"pivot":{"x":-7.556949138641357,"y":4.963828086853027,"z":36.7535285949707},"rotation":{"x":0.14299757778644563,"y":0.8456398844718933,"z":-0.2806099057197571,"w":0.4309365153312683},"size":50.28529739379883,"orthographic":true}