{"cameraMode":{"drawMode":2,"name":"Shaded Wireframe","section":"Shading Mode"},"sceneLighting":false,"audioPlay":false,"sceneViewState":{"showFog":false,"showMaterialUpdate":false,"showSkybox":false,"showFlares":false,"showImageEffects":false,"showParticleSystems":false},"in2DMode":false,"pivot":{"x":-0.5115789175033569,"y":2.982065200805664,"z":0.3896780014038086},"rotation":{"x":0.022720837965607644,"y":-0.6921957731246948,"z":0.021810848265886308,"w":0.7210266590118408},"size":6.640077114105225,"orthographic":true}